CODE,TITLE,TYPE,VENUE,SLOT,FACULTY
"BARB101L","Arabic","TH","SJT607","B2","MOHD SAQIB"
"BARB101L","Arabic","TH","SJT715","A2","MOHD SAQIB"
"BARB101L","Arabic","TH","SJT407","G1","MOHD SAQIB"
"BARB101L","Arabic","TH","SJT607","C2","MOHD SAQIB"
"BCHI101L","Chinese I","TH","TT201","A2","KHANA BAIDYA"
"BCHI101L","Chinese I","TH","SJT514","E1","KHANA BAIDYA"
"BCHI101L","Chinese I","TH","SJT311","B2","KHANA BAIDYA"
"BCHI101L","Chinese I","TH","SJT514","E2","KHANA BAIDYA"
"BCLE212L","Natural Disaster Mitigation and Management","TH","CDMM105","G1+TG1","JOHN SUSHIL PACKIARAJ"
"BCLE212L","Natural Disaster Mitigation and Management","TH","CDMM103","G2+TG2","GANAPATHY G.P"
"BCLE212L","Natural Disaster Mitigation and Management","TH","CDMM105","G2+TG2","SUGANYA OM"
"BCLE212L","Natural Disaster Mitigation and Management","TH","CDMM404","G1+TG1","SHANMUGA PRIYA T"
"BCLE212L","Natural Disaster Mitigation and Management","TH","GDN128","F1+TF1","MEENA T"
"BCLE212L","Natural Disaster Mitigation and Management","TH","GDN129","F1+TF1","PRIYADHARSHINI  B"
"BCLE212L","Natural Disaster Mitigation and Management","TH","CDMM404","F2+TF2","PRASANTH S"
"BCLE212L","Natural Disaster Mitigation and Management","TH","CDMM405","F2+TF2","ARUNAVA RAY"
"BCLE214L","Global Warming","TH","CDMM403","E1+TE1","MURUGAVELH S"
"BCLE214L","Global Warming","TH","CDMM404","E2+TE2","KAVITHA M.S"
"BCLE214L","Global Warming","TH","CDMM105","D1+TD1","VIGNESH RAJKUMAR L"
"BCLE214L","Global Warming","TH","CDMM104","D2+TD2","VIGNESH RAJKUMAR L"
"BCLE215L","Waste Management","TH","CDMM403","D1+TD1","MONALI PRIYADARSHINI"
"BCLE215L","Waste Management","TH","CDMM105","D2+TD2","AMIT B MAHINDRAKAR"
"BCLE216L","Water Resource Management","TH","CDMM103","B2+TB2","JAGADEESH P"
"BCLE216L","Water Resource Management","TH","CDMM103","E2+TE2","MAHENTHIRAN S"
"BCLE216L","Water Resource Management","TH","CDMM103","E1+TE1","DILLIP KUMAR BARIK"
"BENG102P","Technical Report Writing","LO","TT432","L9+L10","GAYATHRI N"
"BENG102P","Technical Report Writing","LO","TT306","L7+L8","SUJATHA ARAVINDAKSHAN MENON"
"BENG102P","Technical Report Writing","LO","SJT519","L29+L30","ANU BAISEL"
"BENG102P","Technical Report Writing","LO","TT116","L7+L8","PRASANTHA KUMAR N.S"
"BENG102P","Technical Report Writing","LO","TT116","L27+L28","MD. SAHUL HAMEED M A"
"BENG102P","Technical Report Writing","LO","TT432","L15+L16","VISHNU PRIYA N.S"
"BENG102P","Technical Report Writing","LO","SJT519","L21+L22","MEENAKSHI S"
"BENG102P","Technical Report Writing","LO","SJT519","L5+L6","PRAJEESH TOMY"
"BENG102P","Technical Report Writing","LO","TT306","L9+L10","ANIL PREMRAJ J"
"BENG102P","Technical Report Writing","LO","TT116","L23+L24","LAXMI DHAR DWIVEDI"
"BENG102P","Technical Report Writing","LO","TT318","L39+L40","RAJU R.L.N"
"BENG102P","Technical Report Writing","LO","TT306","L11+L12","BHUVANESWARI V"
"BENG102P","Technical Report Writing","LO","SJT519","L27+L28","MEENAKSHI S"
"BENG102P","Technical Report Writing","LO","TT432","L23+L24","CHRISTOPHER RAJASEKARAN W"
"BENG102P","Technical Report Writing","LO","SJT519","L9+L10","AJANTA SIRCAR"
"BENG102P","Technical Report Writing","LO","TT116","L15+L16","SRINIVASAN R"
"BENG102P","Technical Report Writing","LO","TT432","L21+L22","SRINIVASAN R"
"BENG102P","Technical Report Writing","LO","TT306","L53+L54","SENTHIL BABU M K"
"BENG102P","Technical Report Writing","LO","PRP248","L55+L56","VARSHA K"
"BENG102P","Technical Report Writing","LO","PRP248","L57+L58","ANKITA SUNDRIYAL"
"BENG102P","Technical Report Writing","LO","PRP248","L49+L50","SNEHA MISHRA"
"BENG102P","Technical Report Writing","LO","TT432","L3+L4","CHRISTOPHER RAJASEKARAN W"
"BENG102P","Technical Report Writing","LO","SJT519","L15+L16","PRAJEESH TOMY"
"BENG102P","Technical Report Writing","LO","PRP248","L25+L26","MATHUMATHY S"
"BENG102P","Technical Report Writing","LO","PRP248","L27+L28","ANBURAJ  G"
"BENG102P","Technical Report Writing","LO","PRP248","L29+L30","SHEEJA RAJAGOPAL"
"BENG102P","Technical Report Writing","LO","PRP248","L7+L8","SARASWATHY S"
"BENG102P","Technical Report Writing","LO","PRP248","L15+L16","EVANGELINE PRISCILLA B"
"BENG102P","Technical Report Writing","LO","TT306","L39+L40","LAXMI DHAR DWIVEDI"
"BENG102P","Technical Report Writing","LO","TT432","L31+L32","VISHNU PRIYA N.S"
"BENG102P","Technical Report Writing","LO","TT306","L43+L44","SUGANTHAN  C"
"BENG102P","Technical Report Writing","LO","TT306","L33+L34","ANITHA DEVI V"
"BENG102P","Technical Report Writing","LO","TT306","L51+L52","SOUMEN MUKHERJEE"
"BENG102P","Technical Report Writing","LO","TT306","L57+L58","GAYATHRI N"
"BENG102P","Technical Report Writing","LO","TT306","L31+L32","SUNITHA V"
"BENG102P","Technical Report Writing","LO","TT306","L49+L50","THENMOZHI M"
"BENG102P","Technical Report Writing","LO","TT306","L37+L38","MARY JENNIFER J"
"BENG102P","Technical Report Writing","LO","TT306","L45+L46","JAISHREE JAIKRISHNAN"
"BENG102P","Technical Report Writing","LO","TT306","L15+L16","ANIL PREMRAJ J"
"BENG102P","Technical Report Writing","LO","TT432","L27+L28","SENGUTTUVAN M"
"BENG102P","Technical Report Writing","LO","TT306","L21+L22","MD. SAHUL HAMEED M A"
"BENG102P","Technical Report Writing","LO","TT306","L13+L14","G CHRISTOPHER"
"BENG102P","Technical Report Writing","LO","TT306","L3+L4","VIDHYA B"
"BENG102P","Technical Report Writing","LO","TT306","L23+L24","PRASANTHA KUMAR N.S"
"BENG102P","Technical Report Writing","LO","PRP249","L51+L52","SUSHANT KISHORE"
"BENG102P","Technical Report Writing","LO","TT306","L5+L6","SHEEJA RAJAGOPAL"
"BENG102P","Technical Report Writing","LO","TT116","L21+L22","YADAMALA SREENIVASULU"
"BENG102P","Technical Report Writing","LO","TT306","L29+L30","SREEJITH VARMA R"
"BENG102P","Technical Report Writing","LO","TT306","L55+L56","SUJATHA ARAVINDAKSHAN MENON"
"BENG102P","Technical Report Writing","LO","TT306","L19+L20","RAJALEKSHMI K"
"BENG102P","Technical Report Writing","LO","TT116","L33+L34","RAJU R.L.N"
"BESP101L","Spanish I","TH","SMV109","B2","SABYASACHI MISHRA"
"BESP101L","Spanish I","TH","CDMM404","A2","SABYASACHI MISHRA"
"BESP101L","Spanish I","TH","TT434","F1","SABYASACHI MISHRA"
"BESP101L","Spanish I","TH","SMV101","E2","SABYASACHI MISHRA"
"BESP101L","Spanish I","TH","PRP605","F1","GAURAV SUSHANT"
"BESP101L","Spanish I","TH","PRP622","F1","SHILPI GUPTA"
"BESP101L","Spanish I","TH","PRP238","C1","ATUL KUMAR"
"BESP101L","Spanish I","TH","SJT604","E2","BAISHALI CHOUDHURI"
"BESP101L","Spanish I","TH","PRP623","F1","ATUL KUMAR"
"BFRE101L","French I","TH","SMV116","C2","MALATHY O"
"BFRE101L","French I","TH","SJT126","C2","SHANTANU SHANDILYA"
"BFRE101L","French I","TH","CDMM404","F1","COUMARAN G"
"BFRE101L","French I","TH","CDMM404","C1","COUMARAN G"
"BFRE101L","French I","TH","SMV128","C2","ANTOINETTE DANIEL"
"BFRE101L","French I","TH","TT104","A2","VISALAKSHI R"
"BFRE101L","French I","TH","CDMM405","C1","VISALAKSHI R"
"BFRE101L","French I","TH","CDMM404","B2","VISALAKSHI R"
"BGER101L","German I","TH","TT413","F1","ADAIKALAM ARULANANDAM"
"BGER101L","German I","TH","TT620","E1","ADAIKALAM ARULANANDAM"
"BGER101L","German I","TH","SMV109","E2","ADAIKALAM ARULANANDAM"
"BGER101L","German I","TH","SJT601","C2","DHANANJAY KUMAR"
"BGER101L","German I","TH","PRP576","A2","ABHIJIT KR DARBEY"
"BGER101L","German I","TH","PRP634","C1","ARATI KUMARI"
"BGER101L","German I","TH","PRP329","A2","ARATI KUMARI"
"BGER101L","German I","TH","SJT626","C1","ABHIJIT KR DARBEY"
"BHUM102E","Indian Classical Music","ELA","SJTA301","L45+L46","SUDHEER C V"
"BHUM102E","Indian Classical Music","ETH","SJTA301","B2","SUDHEER C V"
"BHUM102E","Indian Classical Music","ELA","SJTA301","L27+L28","SUDHEER C V"
"BHUM102E","Indian Classical Music","ETH","SJTA301","G1","SUDHEER C V"
"BHUM103L","Micro Economics","TH","MB224","F1+TF1","SALMAN HAIDER"
"BHUM103L","Micro Economics","TH","MB227","F1+TF1","SHAHID HAMID RAINA"
"BHUM103L","Micro Economics","TH","SMV101","G1+TG1","SALMAN HAIDER"
"BHUM103L","Micro Economics","TH","SMV104","F2+TF2","AQUIB PARVEZ"
"BHUM104L","Macro Economics","TH","SJT602","D2+TD2","NILAVATHY K"
"BHUM104L","Macro Economics","TH","TT305","E2+TE2","ADIL AHMAD SHAH"
"BHUM104L","Macro Economics","TH","MB211","B2+TB2","SALMAN HAIDER"
"BHUM104L","Macro Economics","TH","PRP619","D1+TD1","SAVITHA N"
"BHUM104L","Macro Economics","TH","TT434","F2+TF2","SIVAKUMAR S"
"BHUM105L","Public Policy and Administration","TH","PRP519","F2+TF2","RUPAK KUMAR"
"BHUM106L","Principles of Sociology","TH","PRP250","E2+TE2","ABHIJIT DASGUPTA"
"BHUM106L","Principles of Sociology","TH","SJT221","G1+TG1","SREYA SEN"
"BHUM106L","Principles of Sociology","TH","SJT602","G1+TG1","RAHUL SHUKLA"
"BHUM106L","Principles of Sociology","TH","PRP238","E1+TE1","KUBENDRAN A"
"BHUM106L","Principles of Sociology","TH","SMV311","A2+TA2","PRABAKAR S"
"BHUM106L","Principles of Sociology","TH","SMV109","D2+TD2","PRABAKAR S"
"BHUM106L","Principles of Sociology","TH","SJT617","F2+TF2","ABHIJIT DASGUPTA"
"BHUM107L","Sustainability and Society","TH","PRP604","F2+TF2","RAHUL SHUKLA"
"BHUM107L","Sustainability and Society","TH","SJT607","C1+TC1","SREYA SEN"
"BHUM108L","Urban Community Development","TH","PRP372","G1+TG1","BALAMURUGAN J"
"BHUM108L","Urban Community Development","TH","SJT215","F2+TF2","SREYA SEN"
"BHUM109L","Social Work and Sustainability","TH","SJTG01","G1+TG1","DOMINIC SAVIO"
"BHUM110L","Cognitive Psychology","TH","TT305","E1+TE1","BHUVANESWARI M"
"BHUM110L","Cognitive Psychology","TH","GDNG07","A2+TA2","MOHD OWAIS KHAN"
"BJAP101L","Japanese I","TH","SJT709","A2","KHANJAN"
"BJAP101L","Japanese I","TH","SJT711","B2","KHANJAN"
"BJAP101L","Japanese I","TH","PRP238A","C1","KHANJAN"
"BJAP101L","Japanese I","TH","SJT607","E2","KHANJAN"
"BJAP101L","Japanese I","TH","SJT619","A2","HIYA MUKHERJEE"
"BJAP101L","Japanese I","TH","SJT712","G1","HIYA MUKHERJEE"
"BJAP101L","Japanese I","TH","SJT715","C1","HIYA MUKHERJEE"
"BJAP101L","Japanese I","TH","SMV128","D2","HIYA MUKHERJEE"
"BMAT102L","Differential Equations and Transforms","TH","PRP773","A1+TA1+TAA1","INDHIRA K"
"BMAT102L","Differential Equations and Transforms","TH","TT204","C2+TC2+TCC2","INDHIRA K"
"BMAT201L","Complex Variables and Linear Algebra","TH","PRP426","B2+TB2+TBB2","HEMADRI REDDY REGANTI"
"BMAT201L","Complex Variables and Linear Algebra","TH","SJT208","C1+TC1+TCC1","JAGADEESHKUMAR K"
"BMAT201L","Complex Variables and Linear Algebra","TH","SJT201","C1+TC1+TCC1","KALPANA PRIYA D"
"BMAT201L","Complex Variables and Linear Algebra","TH","GDN107","C2+TC2+TCC2","KALPANA PRIYA D"
"BMAT201L","Complex Variables and Linear Algebra","TH","GDN107","C1+TC1+TCC1","RAJASEKARAN G"
"BMAT201L","Complex Variables and Linear Algebra","TH","SJT202","C1+TC1+TCC1","AKELLA VENKATA SURYANARAYANA MURTY"
"BMAT201L","Complex Variables and Linear Algebra","TH","SJT204","C1+TC1+TCC1","VIJAYA K"
"BMAT201L","Complex Variables and Linear Algebra","TH","SJT205","C1+TC1+TCC1","MURUGUSUNDARAMOORTHY G"
"BMAT201L","Complex Variables and Linear Algebra","TH","SMV102","D2+TD2+TDD2","VALLAMPATI RAMACHANDRA PRASAD"
"BMAT201L","Complex Variables and Linear Algebra","TH","SJT201","C2+TC2+TCC2","VIJAYA K"
"BMAT201L","Complex Variables and Linear Algebra","TH","SJT202","C2+TC2+TCC2","MELLACHERUVU NAGA SRINIVASU"
"BMAT201L","Complex Variables and Linear Algebra","TH","CDMM104","C1+TC1+TCC1","MELLACHERUVU NAGA SRINIVASU"
"BMAT201L","Complex Variables and Linear Algebra","TH","SMV218","C1+TC1+TCC1","PASUPATHI R"
"BMAT201L","Complex Variables and Linear Algebra","TH","GDN123","C1+TC1+TCC1","UDHAYAKUMAR R"
"BMAT201L","Complex Variables and Linear Algebra","TH","GDN120","C2+TC2+TCC2","UDHAYAKUMAR R"
"BMAT201L","Complex Variables and Linear Algebra","TH","GDN120","C1+TC1+TCC1","PERI KAMESWARA KAMESWARAN"
"BMAT201L","Complex Variables and Linear Algebra","TH","SJT208","C2+TC2+TCC2","PERI KAMESWARA KAMESWARAN"
"BMAT201L","Complex Variables and Linear Algebra","TH","TT423","C1+TC1+TCC1","JAGADEESWARI M"
"BMAT201L","Complex Variables and Linear Algebra","TH","TT424","C1+TC1+TCC1","MUBASHIR UNNISSA M"
"BMAT201L","Complex Variables and Linear Algebra","TH","TT423","D2+TD2+TDD2","MUBASHIR UNNISSA M"
"BMAT201L","Complex Variables and Linear Algebra","TH","PRP429","C1+TC1+TCC1","NIRANJAN HARI"
"BMAT201L","Complex Variables and Linear Algebra","TH","GDN122","C1+TC1+TCC1","LAKSHMINARAYANA P"
"BMAT201L","Complex Variables and Linear Algebra","TH","GDN122","C2+TC2+TCC2","LAKSHMINARAYANA P"
"BMAT201L","Complex Variables and Linear Algebra","TH","TT404","D2+TD2+TDD2","YOGALAKSHMI T"
"BMAT201L","Complex Variables and Linear Algebra","TH","SMV102","C1+TC1+TCC1","GORINTLA SUCHARITHA"
"BMAT201L","Complex Variables and Linear Algebra","TH","SJT211","C2+TC2+TCC2","GORINTLA SUCHARITHA"
"BMAT201L","Complex Variables and Linear Algebra","TH","CDMM103","D2+TD2+TDD2","SIVAKUMAR M"
"BMAT201L","Complex Variables and Linear Algebra","TH","GDN128","C1+TC1+TCC1","SIVAKUMAR M"
"BMAT201L","Complex Variables and Linear Algebra","TH","GDN129","C1+TC1+TCC1","CHANDRASEKAR A"
"BMAT201L","Complex Variables and Linear Algebra","TH","TT424","D2+TD2+TDD2","PADIGEPATI NAVEEN"
"BMAT201L","Complex Variables and Linear Algebra","TH","GDN123","C2+TC2+TCC2","CHANDRASEKAR A"
"BMAT201L","Complex Variables and Linear Algebra","TH","TT201","C1+TC1+TCC1","PURUSOTHAM S"
"BMAT201L","Complex Variables and Linear Algebra","TH","TT204","C1+TC1+TCC1","PRASAD THEEDA"
"BMAT201L","Complex Variables and Linear Algebra","TH","SMV104","C1+TC1+TCC1","GOURANGA  MALLIK"
"BMAT201L","Complex Variables and Linear Algebra","TH","SJT211A","C2+TC2+TCC2","MURUGUSUNDARAMOORTHY G"
"BMAT201L","Complex Variables and Linear Algebra","TH","GDN128","C2+TC2+TCC2","GOURANGA  MALLIK"
"BMAT201L","Complex Variables and Linear Algebra","TH","GDN129","C2+TC2+TCC2","LAKSHMI NARAYAN MISHRA"
"BMAT201L","Complex Variables and Linear Algebra","TH","CDMM103","C2+TC2+TCC2","PURUSOTHAM S"
"BMAT201L","Complex Variables and Linear Algebra","TH","PRP424","B2+TB2+TBB2","RACHNA BHATIA"
"BMAT201L","Complex Variables and Linear Algebra","TH","PRP425","B2+TB2+TBB2","PARVEZ ALAM"
"BMAT201L","Complex Variables and Linear Algebra","TH","PRP427","B2+TB2+TBB2","REENU RANI"
"BMAT201L","Complex Variables and Linear Algebra","TH","PRP424","C1+TC1+TCC1","RACHNA BHATIA"
"BMAT201L","Complex Variables and Linear Algebra","TH","PRP425","C1+TC1+TCC1","PARVEZ ALAM"
"BMAT201L","Complex Variables and Linear Algebra","TH","PRP426","C1+TC1+TCC1","PADMA R"
"BMAT201L","Complex Variables and Linear Algebra","TH","PRP427","C1+TC1+TCC1","SUBHABRATA RATH"
"BMAT201L","Complex Variables and Linear Algebra","TH","TT620","C1+TC1+TCC1","RAJENDRAN  P"
"BMAT201L","Complex Variables and Linear Algebra","TH","SMV219","B2+TB2+TBB2","AKELLA VENKATA SURYANARAYANA MURTY"
"BMAT201L","Complex Variables and Linear Algebra","TH","TT201","B2+TB2+TBB2","ARUN KUMAR BADAJENA"
"BMAT201L","Complex Variables and Linear Algebra","TH","PRP671","A2+TA2+TAA2","ARUN KUMAR BADAJENA"
"BMAT201L","Complex Variables and Linear Algebra","TH","PRP429","B2+TB2+TBB2","RAJENDRAN  P"
"BMEE102P","Engineering Design Visualisation Lab","LO","MB111","L13+L14+L21+L22","NAIJU C D"
"BMEE201L","Engineering Mechanics","TH","GDN129","A1+TA1","NISHANT TIWARI"
"BMEE201L","Engineering Mechanics","TH","SMV102","G1+TG1","NAGA SAMRAT MARUVADA V V"
"BMEE201L","Engineering Mechanics","TH","SMV104","G1+TG1","SHANKAR RAMAN DHANUSHKODI"
"BMEE201L","Engineering Mechanics","TH","SMV102","G2+TG2","GANESH MOORTHY I"
"BMEE201L","Engineering Mechanics","TH","SMV104","G2+TG2","MADAMBAKAM MIDHUN KUMAR"
"BMGT101L","Principles of Management","TH","MB224","G2+TG2","VIJESH V JOSHI"
"BMGT101L","Principles of Management","TH","MB213","G1+TG1","NATARAJAN M"
"BMGT101L","Principles of Management","TH","MB212","G1+TG1","THIAGARAJAN S"
"BMGT101L","Principles of Management","TH","MB214","G1+TG1","SATHEESH  A"
"BMGT101L","Principles of Management","TH","MB218","G1+TG1","RAJA SEKHAR Y"
"BMGT101L","Principles of Management","TH","MB219","G1+TG1","D DSILVA WINFRED RUFUSS"
"BMGT101L","Principles of Management","TH","MB211","G2+TG2","VINCENT HERALD WILSON"
"BMGT101L","Principles of Management","TH","MB212","G2+TG2","ANUJ KUMAR"
"BMGT101L","Principles of Management","TH","MB213","G2+TG2","D DSILVA WINFRED RUFUSS"
"BMGT101L","Principles of Management","TH","MB214","G2+TG2","SABOOR S"
"BMGT101L","Principles of Management","TH","MB219","G2+TG2","PREMKARTIKKUMAR S R"
"BPHY101L","Engineering Physics","TH","PRP238A","G1+TG1","JITENDRA KUMAR BEHERA"
"BPHY101L","Engineering Physics","TH","PRP429","G1+TG1","UMA MAHENDRA KUMAR K"
"BPHY101P","Engineering Physics Lab","LO","PRPG17","L43+L44","SANGEM RAJESH"
"BPHY101P","Engineering Physics Lab","LO","TT436","L49+L50","SENTHUR PANDI R"
"BSTS202P","Qualitative Skills Practice II","SS","GDN128","E1+TE1","ETHNUS (APT)"
"BSTS202P","Qualitative Skills Practice II","SS","GDN107","E1+TE1","SIXPHRASE (APT)"
"BSTS202P","Qualitative Skills Practice II","SS","GDNG07","E2+TE2","FACE (APT)"
"BSTS202P","Qualitative Skills Practice II","SS","GDN107","E2+TE2","SIXPHRASE (APT)"
"BSTS202P","Qualitative Skills Practice II","SS","GDN120","E1+TE1","SIXPHRASE (APT)"
"BSTS202P","Qualitative Skills Practice II","SS","GDN120","E2+TE2","SIXPHRASE (APT)"
"BSTS202P","Qualitative Skills Practice II","SS","GDN122","E1+TE1","SIXPHRASE (APT)"
"BSTS202P","Qualitative Skills Practice II","SS","GDN122","E2+TE2","ETHNUS (APT)"
"BSTS202P","Qualitative Skills Practice II","SS","GDN123","E1+TE1","ETHNUS (APT)"
"BSTS202P","Qualitative Skills Practice II","SS","GDN129","E1+TE1","FACE (APT)"
"BSTS202P","Qualitative Skills Practice II","SS","GDN129","E2+TE2","FACE (APT)"
"BSTS202P","Qualitative Skills Practice II","SS","GDN123","E2+TE2","ETHNUS (APT)"
"BSTS202P","Qualitative Skills Practice II","SS","GDN128","E2+TE2","ETHNUS (APT)"
"BSTS202P","Qualitative Skills Practice II","SS","GDNG07","E1+TE1","FACE (APT)"
"BSTS202P","Qualitative Skills Practice II","SS","TT204","E2+TE2","ETHNUS (APT)"
"BSTS202P","Qualitative Skills Practice II","SS","TT404","E1+TE1","FACE (APT)"
"BSTS202P","Qualitative Skills Practice II","SS","TT413","E1+TE1","SIXPHRASE (APT)"
"BSTS202P","Qualitative Skills Practice II","SS","TT413","E2+TE2","SIXPHRASE (APT)"
"BSTS202P","Qualitative Skills Practice II","SS","TT204","E1+TE1","ETHNUS (APT)"
"BSTS202P","Qualitative Skills Practice II","SS","TT404","E2+TE2","FACE (APT)"
"BSTS202P","Qualitative Skills Practice II","SS","SMV218","E1+TE1","ETHNUS (APT)"
"BSTS202P","Qualitative Skills Practice II","SS","SMV218","E2+TE2","ETHNUS (APT)"
"BSTS202P","Qualitative Skills Practice II","SS","SMV219","E2+TE2","FACE (APT)"
"BSTS202P","Qualitative Skills Practice II","SS","SMV219","E1+TE1","FACE (APT)"
"BSTS202P","Qualitative Skills Practice II","SS","SMV102","E1+TE1","SIXPHRASE (APT)"
"BSTS202P","Qualitative Skills Practice II","SS","SMV102","E2+TE2","SIXPHRASE (APT)"
"BSTS202P","Qualitative Skills Practice II","SS","SMV104","E1+TE1","ETHNUS (APT)"
"BSTS202P","Qualitative Skills Practice II","SS","CDMM104","E2+TE2","ETHNUS (APT)"
"BSTS202P","Qualitative Skills Practice II","SS","CDMM105","E1+TE1","FACE (APT)"
"BSTS202P","Qualitative Skills Practice II","SS","CDMM105","E2+TE2","FACE (APT)"
"BSTS202P","Qualitative Skills Practice II","SS","SJT208","E1+TE1","SIXPHRASE (APT)"
"BSTS202P","Qualitative Skills Practice II","SS","SJT201","E1+TE1","ETHNUS (APT)"
"BSTS202P","Qualitative Skills Practice II","SS","SJT201","E2+TE2","FACE (APT)"
"BSTS202P","Qualitative Skills Practice II","SS","SJT202","E2+TE2","ETHNUS (APT)"
"BSTS202P","Qualitative Skills Practice II","SS","SJT205","E1+TE1","FACE (APT)"
"BSTS202P","Qualitative Skills Practice II","SS","SJT205","E2+TE2","FACE (APT)"
"BSTS202P","Qualitative Skills Practice II","SS","SJT208","E2+TE2","SIXPHRASE (APT)"
"BSTS202P","Qualitative Skills Practice II","SS","SJT211","E2+TE2","SIXPHRASE (APT)"
"BSTS202P","Qualitative Skills Practice II","SS","PRP424","E1+TE1","ETHNUS (APT)"
"BSTS202P","Qualitative Skills Practice II","SS","PRP425","E2+TE2","FACE (APT)"
"BSTS202P","Qualitative Skills Practice II","SS","PRP426","E1+TE1","SIXPHRASE (APT)"
"BSTS202P","Qualitative Skills Practice II","SS","PRP426","E2+TE2","SIXPHRASE (APT)"
"BSTS202P","Qualitative Skills Practice II","SS","SJT204","E1+TE1","FACE (APT)"
"BSTS202P","Qualitative Skills Practice II","SS","SJT204","E2+TE2","FACE (APT)"
"BSTS202P","Qualitative Skills Practice II","SS","SJT211","E1+TE1","SIXPHRASE (APT)"
"BSTS202P","Qualitative Skills Practice II","SS","SJT211A","E1+TE1","SIXPHRASE (APT)"
"BSTS202P","Qualitative Skills Practice II","SS","PRP424","E2+TE2","ETHNUS (APT)"
"BSTS202P","Qualitative Skills Practice II","SS","PRP425","E1+TE1","FACE (APT)"
"BSTS202P","Qualitative Skills Practice II","SS","PRP427","E1+TE1","ETHNUS (APT)"
"BSTS202P","Qualitative Skills Practice II","SS","TT423","E1+TE1","FACE (APT)"
"BSTS202P","Qualitative Skills Practice II","SS","PRP427","E2+TE2","ETHNUS (APT)"
"BSTS202P","Qualitative Skills Practice II","SS","TT423","E2+TE2","FACE (APT)"
"BSTS202P","Qualitative Skills Practice II","SS","TT424","E2+TE2","SIXPHRASE (APT)"
"BSTS202P","Qualitative Skills Practice II","SS","TT434","E1+TE1","ETHNUS (APT)"
"BSTS202P","Qualitative Skills Practice II","SS","TT424","E1+TE1","SIXPHRASE (APT)"
"BSTS202P","Qualitative Skills Practice II","SS","TT434","E2+TE2","ETHNUS (APT)"
"BSTS202P","Qualitative Skills Practice II","SS","SJT202","E1+TE1","FACE (APT)"
"BMEE209L","Materials Science and Engineering","TH","MB211","B1+TB1","DEVENDRANATH RAMKUMAR"
"BMEE209L","Materials Science and Engineering","TH","MB213","B1+TB1","NARENDRA KUMAR U"
"BMEE209L","Materials Science and Engineering","TH","MB214","B1+TB1","SK ARIFUL RAHAMAN"
"BMEE209L","Materials Science and Engineering","TH","MB219","B1+TB1","ATUL KUMAR"
"BMEE209L","Materials Science and Engineering","TH","MB212","B1+TB1","PADMANABHAN K"
"BMEE209L","Materials Science and Engineering","TH","MB218","B1+TB1","SREEKANTH M. S"
"BMEE209L","Materials Science and Engineering","TH","MB218","B2+TB2","KISHORE KUMAR MAHATO"
"BMEE209L","Materials Science and Engineering","TH","MB226","B2+TB2","YAZAR K U"
"BMEE209L","Materials Science and Engineering","TH","MB213","B2+TB2","ASHISH KUMAR"
"BMEE209L","Materials Science and Engineering","TH","MB214","B2+TB2","MAHESH V P"
"BMEE209L","Materials Science and Engineering","TH","GDNG07","B2+TB2","DEVENDRANATH RAMKUMAR"
"BMEE209P","Materials Science and Engineering Lab","LO","GDN139","L31+L32","DEVENDRANATH RAMKUMAR"
"BMEE209P","Materials Science and Engineering Lab","LO","GDN139","L39+L40","DEVENDRANATH RAMKUMAR"
"BMEE209P","Materials Science and Engineering Lab","LO","GDN139","L45+L46","PADMANABHAN K"
"BMEE209P","Materials Science and Engineering Lab","LO","GDN139","L55+L56","PADMANABHAN K"
"BMEE209P","Materials Science and Engineering Lab","LO","GDN139","L37+L38","NARENDRA KUMAR U"
"BMEE209P","Materials Science and Engineering Lab","LO","GDN139","L41+L42","SK ARIFUL RAHAMAN"
"BMEE209P","Materials Science and Engineering Lab","LO","GDN139","L35+L36","NARENDRA KUMAR U"
"BMEE209P","Materials Science and Engineering Lab","LO","GDN139","L43+L44","SK ARIFUL RAHAMAN"
"BMEE209P","Materials Science and Engineering Lab","LO","GDN139","L47+L48","SREEKANTH M. S"
"BMEE209P","Materials Science and Engineering Lab","LO","GDN139","L49+L50","SREEKANTH M. S"
"BMEE209P","Materials Science and Engineering Lab","LO","GDN139","L33+L34","ATUL KUMAR"
"BMEE209P","Materials Science and Engineering Lab","LO","GDN139","L51+L52","ATUL KUMAR"
"BMEE209P","Materials Science and Engineering Lab","LO","GDN139","L15+L16","DEVENDRANATH RAMKUMAR"
"BMEE209P","Materials Science and Engineering Lab","LO","GDN139","L27+L28","DEVENDRANATH RAMKUMAR"
"BMEE209P","Materials Science and Engineering Lab","LO","GDN139","L23+L24","KISHORE KUMAR MAHATO"
"BMEE209P","Materials Science and Engineering Lab","LO","GDN139","L25+L26","KISHORE KUMAR MAHATO"
"BMEE209P","Materials Science and Engineering Lab","LO","GDN139","L7+L8","ASHISH KUMAR"
"BMEE209P","Materials Science and Engineering Lab","LO","GDN139","L9+L10","YAZAR K U"
"BMEE209P","Materials Science and Engineering Lab","LO","GDN139","L11+L12","MAHESH V P"
"BMEE209P","Materials Science and Engineering Lab","LO","GDN139","L5+L6","ASHISH KUMAR"
"BMEE209P","Materials Science and Engineering Lab","LO","GDN139","L13+L14","MAHESH V P"
"BMEE209P","Materials Science and Engineering Lab","LO","GDN139","L3+L4","YAZAR K U"
"BMEE215L","Engineering Optimization","TH","GDN129","A2+TA2+TAA2","SOUMEN PAL"
"BMEE330L","Control Systems","TH","MB211","C2+TC2","SURESH KUMAR"
"BMEE330L","Control Systems","TH","MB213","C1+TC1","ASHIRBAD SWAIN"
"BMEE330P","Microcontrollers and Interfacing Lab","LO","ALM 501A","L11+L12","SURESH KUMAR"
"BMEE330P","Microcontrollers and Interfacing Lab","LO","ALM 501A","L13+L14","SURESH KUMAR"
"BMEE330P","Microcontrollers and Interfacing Lab","LO","ALM 501A","L47+L48","ASHIRBAD SWAIN"
"BMEE330P","Microcontrollers and Interfacing Lab","LO","ALM 501A","L49+L50","ASHIRBAD SWAIN"
"BMEE407L","Artificial Intelligence","TH","MB212","E1+TE1","GUNJI BALA MURALI"
"BMEE407L","Artificial Intelligence","TH","MB211","E2+TE2","CHINMAYA SAHU"
"BMEE407L","Artificial Intelligence","TH","MB226","E1+TE1","VIJESH V JOSHI"
"BMEE202L","Mechanics of Solids","TH","MB218","A2+TA2","SENTHILNATHAN N"
"BMEE202L","Mechanics of Solids","TH","MB211","A2+TA2","RAJESH M"
"BMEE202L","Mechanics of Solids","TH","MB213","A1+TA1","SRIDHARAN K"
"BMEE202L","Mechanics of Solids","TH","MB219","A1+TA1","EDWIN SUDHAGAR P"
"BMEE202L","Mechanics of Solids","TH","MB212","A2+TA2","RAHUL SINGH SIKARWAR"
"BMEE202L","Mechanics of Solids","TH","MB213","A2+TA2","SEENUVASAPERUMAL P"
"BMEE202L","Mechanics of Solids","TH","MB212","A1+TA1","VELU M"
"BMEE202L","Mechanics of Solids","TH","MB211","A1+TA1","MURUGAN M"
"BMEE202L","Mechanics of Solids","TH","MB219","A2+TA2","DEEPAK KUMAR BISWAL"
"BMEE202L","Mechanics of Solids","TH","MB214","A1+TA1","VASUDEVAN R"
"BMEE202L","Mechanics of Solids","TH","MB218","A1+TA1","MALLIKARJUNA REDDY  D"
"BMEE202L","Mechanics of Solids","TH","MB214","A2+TA2","AKASH MOHANTY"
"BMEE202P","Mechanics of Solids Lab","LO","GDNG10A","L33+L34","MURUGAN M"
"BMEE202P","Mechanics of Solids Lab","LO","GDNG10A","L41+L42","VELU M"
"BMEE202P","Mechanics of Solids Lab","LO","GDNG10A","L39+L40","MURUGAN M"
"BMEE202P","Mechanics of Solids Lab","LO","GDNG10A","L51+L52","VELU M"
"BMEE202P","Mechanics of Solids Lab","LO","GDNG10A","L11+L12","AKASH MOHANTY"
"BMEE202P","Mechanics of Solids Lab","LO","GDNG10A","L3+L4","RAJESH M"
"BMEE202P","Mechanics of Solids Lab","LO","GDNG10A","L7+L8","RAJESH M"
"BMEE202P","Mechanics of Solids Lab","LO","GDNG10A","L21+L22","SEENUVASAPERUMAL P"
"BMEE202P","Mechanics of Solids Lab","LO","GDNG10A","L23+L24","SENTHILNATHAN N"
"BMEE202P","Mechanics of Solids Lab","LO","GDNG10A","L9+L10","RAHUL SINGH SIKARWAR"
"BMEE202P","Mechanics of Solids Lab","LO","GDNG10A","L25+L26","SENTHILNATHAN N"
"BMEE202P","Mechanics of Solids Lab","LO","GDNG10A","L29+L30","DEEPAK KUMAR BISWAL"
"BMEE202P","Mechanics of Solids Lab","LO","GDNG10A","L19+L20","DEEPAK KUMAR BISWAL"
"BMEE202P","Mechanics of Solids Lab","LO","GDNG10A","L49+L50","MALLIKARJUNA REDDY  D"
"BMEE202P","Mechanics of Solids Lab","LO","GDNG10A","L1+L2","AKASH MOHANTY"
"BMEE202P","Mechanics of Solids Lab","LO","GDNG10A","L13+L14","RAHUL SINGH SIKARWAR"
"BMEE202P","Mechanics of Solids Lab","LO","GDNG10A","L55+L56","EDWIN SUDHAGAR P"
"BMEE202P","Mechanics of Solids Lab","LO","GDNG10A","L37+L38","SRIDHARAN K"
"BMEE202P","Mechanics of Solids Lab","LO","GDNG10A","L47+L48","SRIDHARAN K"
"BMEE202P","Mechanics of Solids Lab","LO","GDNG10A","L59+L60","MALLIKARJUNA REDDY  D"
"BMEE202P","Mechanics of Solids Lab","LO","GDNG10A","L31+L32","VASUDEVAN R"
"BMEE202P","Mechanics of Solids Lab","LO","GDNG10A","L45+L46","EDWIN SUDHAGAR P"
"BMEE203L","Engineering Thermodynamics","TH","GDN129","D1+TD1","PORPATHAM E"
"BMEE204L","Fluid Mechanics and Machines","TH","MB212","D2+TD2","MOHAN C.G"
"BMEE204L","Fluid Mechanics and Machines","TH","MB211","D1+TD1","SREEJA SADASIVAN"
"BMEE204L","Fluid Mechanics and Machines","TH","MB212","D1+TD1","ASHOK K"
"BMEE204L","Fluid Mechanics and Machines","TH","MB213","D2+TD2","PRAKASH R"
"BMEE204L","Fluid Mechanics and Machines","TH","MB219","D2+TD2","GAURAV GUPTA"
"BMEE204L","Fluid Mechanics and Machines","TH","MB218","D2+TD2","JAYAPRAKASH NARAYAN M"
"BMEE204L","Fluid Mechanics and Machines","TH","MB213","D1+TD1","ARUNA KUMAR BEHURA"
"BMEE204L","Fluid Mechanics and Machines","TH","MB218","D1+TD1","ANUJ KUMAR"
"BMEE204L","Fluid Mechanics and Machines","TH","MB211","D2+TD2","DEEPAKKUMAR R"
"BMEE204L","Fluid Mechanics and Machines","TH","MB214","D1+TD1","GUNDABATTINI EDISON"
"BMEE204L","Fluid Mechanics and Machines","TH","MB214","D2+TD2","RAJESH KANNA"
"BMEE204L","Fluid Mechanics and Machines","TH","MB225","D1+TD1","MOHAMED IBRAHIM  M"
"BMEE204P","Fluid Mechanics and Machines Lab","LO","GDN131","L3+L4","DEEPAKKUMAR R"
"BMEE204P","Fluid Mechanics and Machines Lab","LO","GDN131","L21+L22","PRAKASH R"
"BMEE204P","Fluid Mechanics and Machines Lab","LO","GDN131","L7+L8","PRAKASH R"
"BMEE204P","Fluid Mechanics and Machines Lab","LO","GDN131","L5+L6","DEEPAKKUMAR R"
"BMEE204P","Fluid Mechanics and Machines Lab","LO","GDN131","L9+L10","MOHAN C.G"
"BMEE204P","Fluid Mechanics and Machines Lab","LO","GDN131","L15+L16","GAURAV GUPTA"
"BMEE204P","Fluid Mechanics and Machines Lab","LO","GDN131","L19+L20","JAYAPRAKASH NARAYAN M"
"BMEE204P","Fluid Mechanics and Machines Lab","LO","GDN131","L29+L30","JAYAPRAKASH NARAYAN M"
"BMEE204P","Fluid Mechanics and Machines Lab","LO","GDN131","L13+L14","MOHAN C.G"
"BMEE204P","Fluid Mechanics and Machines Lab","LO","GDN131","L11+L12","GAURAV GUPTA"
"BMEE204P","Fluid Mechanics and Machines Lab","LO","GDN131","L33+L34","SREEJA SADASIVAN"
"BMEE204P","Fluid Mechanics and Machines Lab","LO","GDN131","L39+L40","SREEJA SADASIVAN"
"BMEE204P","Fluid Mechanics and Machines Lab","LO","GDN131","L31+L32","GUNDABATTINI EDISON"
"BMEE204P","Fluid Mechanics and Machines Lab","LO","GDN131","L43+L44","GUNDABATTINI EDISON"
"BMEE204P","Fluid Mechanics and Machines Lab","LO","GDN131","L47+L48","ANUJ KUMAR"
"BMEE204P","Fluid Mechanics and Machines Lab","LO","GDN131","L49+L50","ANUJ KUMAR"
"BMEE204P","Fluid Mechanics and Machines Lab","LO","GDN131","L45+L46","ASHOK K"
"BMEE204P","Fluid Mechanics and Machines Lab","LO","GDN131","L51+L52","ASHOK K"
"BMEE204P","Fluid Mechanics and Machines Lab","LO","GDN131","L35+L36","ARUNA KUMAR BEHURA"
"BMEE204P","Fluid Mechanics and Machines Lab","LO","GDN131","L37+L38","ARUNA KUMAR BEHURA"
"BMEE204P","Fluid Mechanics and Machines Lab","LO","GDN131","L53+L54","MOHAMED IBRAHIM  M"
"BMEE204P","Fluid Mechanics and Machines Lab","LO","GDN131","L23+L24","RAJESH KANNA"
"BMEE204P","Fluid Mechanics and Machines Lab","LO","GDN131","L27+L28","RAJESH KANNA"
"BMEE204P","Fluid Mechanics and Machines Lab","LO","GDN131","L55+L56","MOHAMED IBRAHIM  M"
"BMEE206P","Machine Drawing Lab","LO","MB112","L21+L22+L29+L30","OYYARAVELU R"
"BMEE206P","Machine Drawing Lab","LO","MB112","L35+L36+L37+L38","JEEVA P.A"
"BMEE206P","Machine Drawing Lab","LO","MB112","L33+L34+L39+L40","GOKUL KUMAR K"
"BMEE206P","Machine Drawing Lab","LO","MB112","L45+L46+L51+L52","SRIDHARAN K"
"BMEE206P","Machine Drawing Lab","LO","MB112","L47+L48+L49+L50","NARENDIRANATH BABU T"
"BMEE206P","Machine Drawing Lab","LO","MB112","L53+L54+L55+L56","DEEPAK KUMAR BISWAL"
"BMEE206P","Machine Drawing Lab","LO","MB112","L3+L4+L9+L10","BIKASH ROUTH"
"BMEE206P","Machine Drawing Lab","LO","MB112","L15+L16+L27+L28","ANANDAVEL K"
"BMEE206P","Machine Drawing Lab","LO","MB112","L5+L6+L7+L8","JEEVA P.A"
"BMEE206P","Machine Drawing Lab","LO","MB112","L11+L12+L13+L14","MOHANKUMAR K V"
"BMEE206P","Machine Drawing Lab","LO","MB112","L23+L24+L25+L26","JOEL J"
"BMEE206P","Machine Drawing Lab","LO","MB112","L41+L42+L43+L44","SHARAN CHANDRAN M"
"BMEE207L","Kinematics and Dynamics of Machines","TH","GDN120","A2+TA2","MANIKANDAN M"
"BMEE207P","Kinematics and Dynamics of Machines Lab","LO","ALM 407A","L5+L6","MANIKANDAN M"
"BMEE207P","Kinematics and Dynamics of Machines Lab","LO","ALM 407A","L15+L16","MANIKANDAN M"
"BMEE210L","Mechatronics and Measurement Systems","TH","MB224","C1+TC1","KANISH  TC"
"BMEE210L","Mechatronics and Measurement Systems","TH","MB225","C1+TC1","RAGHURAMAN D R S"
"BMEE210L","Mechatronics and Measurement Systems","TH","MB226","C1+TC1","SENTHIL KUMAR S"
"BMEE210L","Mechatronics and Measurement Systems","TH","MB227","C1+TC1","GIRIRAJ M"
"BMEE210L","Mechatronics and Measurement Systems","TH","MB229","C1+TC1","BOOPATHI M"
"BMEE210L","Mechatronics and Measurement Systems","TH","MB224","C2+TC2","KALAIARASSAN G"
"BMEE210L","Mechatronics and Measurement Systems","TH","MB227","C2+TC2","CHINMAYA SAHU"
"BMEE210L","Mechatronics and Measurement Systems","TH","MB225","C2+TC2","BHARANIDARAN R"
"BMEE210L","Mechatronics and Measurement Systems","TH","MB226","C2+TC2","SATHISH G P"
"BMEE210P","Mechatronics and Measurement Systems Lab","LO","ALM 501B","L33+L34","KANISH  TC"
"BMEE210P","Mechatronics and Measurement Systems Lab","LO","ALM 501B","L37+L38","KANISH  TC"
"BMEE210P","Mechatronics and Measurement Systems Lab","LO","ALM 501B","L39+L40","RAGHURAMAN D R S"
"BMEE210P","Mechatronics and Measurement Systems Lab","LO","ALM 501B","L45+L46","SENTHIL KUMAR S"
"BMEE210P","Mechatronics and Measurement Systems Lab","LO","ALM 501B","L43+L44","RAGHURAMAN D R S"
"BMEE210P","Mechatronics and Measurement Systems Lab","LO","ALM 501B","L3+L4","KALAIARASSAN G"
"BMEE210P","Mechatronics and Measurement Systems Lab","LO","ALM 501B","L49+L50","SENTHIL KUMAR S"
"BMEE210P","Mechatronics and Measurement Systems Lab","LO","ALM 501B","L51+L52","GIRIRAJ M"
"BMEE210P","Mechatronics and Measurement Systems Lab","LO","ALM 501B","L55+L56","GIRIRAJ M"
"BMEE210P","Mechatronics and Measurement Systems Lab","LO","ALM 501B","L5+L6","BHARANIDARAN R"
"BMEE210P","Mechatronics and Measurement Systems Lab","LO","ALM 501B","L31+L32","BOOPATHI M"
"BMEE210P","Mechatronics and Measurement Systems Lab","LO","ALM 501B","L9+L10","BHARANIDARAN R"
"BMEE210P","Mechatronics and Measurement Systems Lab","LO","ALM 501B","L57+L58","BOOPATHI M"
"BMEE210P","Mechatronics and Measurement Systems Lab","LO","ALM 501B","L29+L30","SATHISH G P"
"BMEE210P","Mechatronics and Measurement Systems Lab","LO","ALM 501B","L21+L22","SATHISH G P"
"BMEE210P","Mechatronics and Measurement Systems Lab","LO","ALM 501B","L15+L16","CHINMAYA SAHU"
"BMEE210P","Mechatronics and Measurement Systems Lab","LO","ALM 501B","L23+L24","CHINMAYA SAHU"
"BMEE210P","Mechatronics and Measurement Systems Lab","LO","ALM 501B","L7+L8","KALAIARASSAN G"
"BMEE301L","Design of Machine Elements","TH","MB226","A2+TA2+TAA2","MANOHARAN R"
"BMEE301L","Design of Machine Elements","TH","MB224","A1+TA1+TAA1","GOKUL KUMAR K"
"BMEE301L","Design of Machine Elements","TH","MB225","A1+TA1+TAA1","MANOHARAN R"
"BMEE301L","Design of Machine Elements","TH","MB226","A1+TA1+TAA1","BHARANIDARAN R"
"BMEE301L","Design of Machine Elements","TH","MB227","A1+TA1+TAA1","NARENDIRANATH BABU T"
"BMEE301L","Design of Machine Elements","TH","MB229","A1+TA1+TAA1","NIRANJANA BEHERA"
"BMEE301L","Design of Machine Elements","TH","MB224","A2+TA2+TAA2","VENKATESAN K"
"BMEE301L","Design of Machine Elements","TH","MB225","A2+TA2+TAA2","BENEDICT THOMAS"
"BMEE301L","Design of Machine Elements","TH","MB227","A2+TA2+TAA2","NAVEEN J"
"BMEE302L","Metal Casting and Welding","TH","GDN122","B1+TB1","ARIVAZHAGAN N"
"BMEE302L","Metal Casting and Welding","TH","GDN107","B2+TB2","SENTHIL KUMARAN S"
"BMEE302L","Metal Casting and Welding","TH","GDN129","B1+TB1","ANOJ GIRI"
"BMEE302L","Metal Casting and Welding","TH","GDNG07","B1+TB1","SENTHIL KUMARAN S"
"BMEE302L","Metal Casting and Welding","TH","GDN128","B2+TB2","SK ARIFUL RAHAMAN"
"BMEE302L","Metal Casting and Welding","TH","MB229","B1+TB1","RIJESH M"
"BMEE302L","Metal Casting and Welding","TH","GDN107","B1+TB1","SRINIVASAN NARAYANAN"
"BMEE302L","Metal Casting and Welding","TH","MB229","B2+TB2","CHINMAYA PRASAD MOHANTY"
"BMEE303L","Thermal Engineering Systems","TH","GDN123","D2+TD2","GOVINDHA RASU N"
"BMEE303P","Thermal Engineering Systems Lab","LO","GDNG11","L9+L10","GOVINDHA RASU N"
"BMEE303P","Thermal Engineering Systems Lab","LO","GDNG11","L21+L22","GOVINDHA RASU N"
"BMEE304L","Metal Forming and Machining","TH","MB224","B1+TB1","VENKATESHWARLU B"
"BMEE304L","Metal Forming and Machining","TH","MB226","B1+TB1","DEVASRI FULORIA"
"BMEE304L","Metal Forming and Machining","TH","MB227","B2+TB2","RIJESH M"
"BMEE304L","Metal Forming and Machining","TH","MB224","B2+TB2","JAMBESWAR SAHU"
"BMEE304L","Metal Forming and Machining","TH","MB225","B2+TB2","BABU S"
"BMEE304L","Metal Forming and Machining","TH","MB225","B1+TB1","VIVEK KUMAR BARNWAL"
"BMEE304L","Metal Forming and Machining","TH","MB227","B1+TB1","KISHORE KUMAR MAHATO"
"BMEE304L","Metal Forming and Machining","TH","MB212","B2+TB2","VIVEK KUMAR BARNWAL"
"BMEE304P","Metal Forming and Machining Lab","LO","GDNG08","L21+L22","VIVEK KUMAR BARNWAL"
"BMEE304P","Metal Forming and Machining Lab","LO","GDNG08","L29+L30","VIVEK KUMAR BARNWAL"
"BMEE304P","Metal Forming and Machining Lab","LO","GDNG08","L43+L44","VIVEK KUMAR BARNWAL"
"BMEE304P","Metal Forming and Machining Lab","LO","GDNG08","L27+L28","RIJESH M"
"BMEE304P","Metal Forming and Machining Lab","LO","GDNG08","L33+L34","VENKATESHWARLU B"
"BMEE304P","Metal Forming and Machining Lab","LO","GDNG08","L37+L38","VENKATESHWARLU B"
"BMEE304P","Metal Forming and Machining Lab","LO","GDNG08","L45+L46","DEVASRI FULORIA"
"BMEE304P","Metal Forming and Machining Lab","LO","GDNG08","L49+L50","DEVASRI FULORIA"
"BMEE304P","Metal Forming and Machining Lab","LO","GDNG08","L51+L52","KISHORE KUMAR MAHATO"
"BMEE304P","Metal Forming and Machining Lab","LO","GDNG08","L55+L56","KISHORE KUMAR MAHATO"
"BMEE304P","Metal Forming and Machining Lab","LO","GDNG08","L3+L4","JAMBESWAR SAHU"
"BMEE304P","Metal Forming and Machining Lab","LO","GDNG08","L9+L10","BABU S"
"BMEE304P","Metal Forming and Machining Lab","LO","GDNG08","L23+L24","RIJESH M"
"BMEE304P","Metal Forming and Machining Lab","LO","GDNG08","L39+L40","VIVEK KUMAR BARNWAL"
"BMEE304P","Metal Forming and Machining Lab","LO","GDNG08","L11+L12","JAMBESWAR SAHU"
"BMEE304P","Metal Forming and Machining Lab","LO","GDNG08","L5+L6","BABU S"
"BMEE306L","Computer Aided Design and Finite Element Analysis","TH","GDN128","A2+TA2","NIRANJANA BEHERA"
"BMEE401L","Computer Integrated Manufacturing","TH","GDN107","A1+TA1","SRIDHAR V G"
"BMEE401L","Computer Integrated Manufacturing","TH","GDN120","A1+TA1","OYYARAVELU R"
"BMEE401L","Computer Integrated Manufacturing","TH","GDN122","A1+TA1","RAJA K"
"BMEE401L","Computer Integrated Manufacturing","TH","GDN123","A1+TA1","MURALIDHARAN B"
"BMEE401L","Computer Integrated Manufacturing","TH","GDN122","A2+TA2","DEVENDIRAN S"
"BMEE401L","Computer Integrated Manufacturing","TH","GDN107","A2+TA2","DEEPA A"
"BMEE401L","Computer Integrated Manufacturing","TH","GDN123","A2+TA2","SUYA PREM ANAND P"
"BMEE401L","Computer Integrated Manufacturing","TH","GDN128","A1+TA1","VENKATESAN S"
"BMEE401L","Computer Integrated Manufacturing","TH","CDMM105","A2+TA2","VENKATESAN S"
"BMEE401P","Computer Integrated Manufacturing Lab","LO","GDN130","L21+L22","VENKATESAN S"
"BMEE401P","Computer Integrated Manufacturing Lab","LO","GDN130","L33+L34","SRIDHAR V G"
"BMEE401P","Computer Integrated Manufacturing Lab","LO","GDN130","L39+L40","OYYARAVELU R"
"BMEE401P","Computer Integrated Manufacturing Lab","LO","GDN130","L45+L46","RAJA K"
"BMEE401P","Computer Integrated Manufacturing Lab","LO","GDN130","L51+L52","MURALIDHARAN B"
"BMEE401P","Computer Integrated Manufacturing Lab","LO","GDN130","L55+L56","VENKATESAN S"
"BMEE401P","Computer Integrated Manufacturing Lab","LO","GDN130","L3+L4","DEEPA A"
"BMEE401P","Computer Integrated Manufacturing Lab","LO","GDN130","L9+L10","DEVENDIRAN S"
"BMEE401P","Computer Integrated Manufacturing Lab","LO","GDN130","L13+L14","SUYA PREM ANAND P"
"BMEE402L","Heat and Mass Transfer","TH","MB224","D2+TD2","LALIT KUMAR BANSAL"
"BMEE402L","Heat and Mass Transfer","TH","MB227","D1+TD1","TAPANO KUMAR HOTTA"
"BMEE402L","Heat and Mass Transfer","TH","MB227","D2+TD2","SENTHUR PRABU S"
"BMEE402L","Heat and Mass Transfer","TH","MB226","D1+TD1","KAMATCHI R"
"BMEE402L","Heat and Mass Transfer","TH","MB229","D1+TD1","NATARAJAN M"
"BMEE402L","Heat and Mass Transfer","TH","MB229","D2+TD2","ASHISH ALEX SAM"
"BMEE402L","Heat and Mass Transfer","TH","MB226","D2+TD2","ARJUN SINGH K"
"BMEE402L","Heat and Mass Transfer","TH","GDN128","D1+TD1","NATARAJ G"
"BMEE402L","Heat and Mass Transfer","TH","GDN128","D2+TD2","BALAJI K"
"BMEE402P","Heat and Mass Transfer Lab","LO","CDMM306","L33+L34","KAMATCHI R"
"BMEE402P","Heat and Mass Transfer Lab","LO","CDMM306","L37+L38","KAMATCHI R"
"BMEE402P","Heat and Mass Transfer Lab","LO","CDMM306","L45+L46","TAPANO KUMAR HOTTA"
"BMEE402P","Heat and Mass Transfer Lab","LO","CDMM306","L55+L56","TAPANO KUMAR HOTTA"
"BMEE402P","Heat and Mass Transfer Lab","LO","CDMM306","L3+L4","LALIT KUMAR BANSAL"
"BMEE402P","Heat and Mass Transfer Lab","LO","CDMM306","L9+L10","LALIT KUMAR BANSAL"
"BMEE402P","Heat and Mass Transfer Lab","LO","CDMM306","L27+L28","SENTHUR PRABU S"
"BMEE402P","Heat and Mass Transfer Lab","LO","CDMM306","L31+L32","NATARAJAN M"
"BMEE402P","Heat and Mass Transfer Lab","LO","CDMM306","L39+L40","NATARAJAN M"
"BMEE402P","Heat and Mass Transfer Lab","LO","CDMM306","L13+L14","SENTHUR PRABU S"
"BMEE402P","Heat and Mass Transfer Lab","LO","CDMM306","L25+L26","ASHISH ALEX SAM"
"BMEE402P","Heat and Mass Transfer Lab","LO","CDMM306","L29+L30","ARJUN SINGH K"
"BMEE402P","Heat and Mass Transfer Lab","LO","CDMM306","L7+L8","ARJUN SINGH K"
"BMEE402P","Heat and Mass Transfer Lab","LO","CDMM306","L11+L12","ASHISH ALEX SAM"
"BMEE402P","Heat and Mass Transfer Lab","LO","CDMM306","L21+L22","BALAJI K"
"BMEE402P","Heat and Mass Transfer Lab","LO","CDMM306","L49+L50","NATARAJ G"
"BMEE402P","Heat and Mass Transfer Lab","LO","CDMM306","L51+L52","NATARAJ G"
"BMEE402P","Heat and Mass Transfer Lab","LO","CDMM306","L15+L16","BALAJI K"
"BMEE205E","Renewable Energy Systems","ELA","GDN135","L39+L40","SAKTHIVADIVEL D"
"BMEE205E","Renewable Energy Systems","ELA","GDN135","L45+L46","SAKTHIVADIVEL D"
"BMEE205E","Renewable Energy Systems","ETH","GDN107","G1","SAKTHIVADIVEL D"
"BMEE208L","Industrial Engineering","TH","GDN123","F1+TF1","ARAVIND RAJ S"
"BMEE212L","Quality Control and Improvement","TH","GDN122","G2+TG2","SRINIVASA GUPTA N"
"BMEE305L","Manufacturing Planning and Control","TH","GDN122","B2+TB2","SRINIVASAN NARAYANAN"
"BMEE307L","Product Design and Development","TH","MB229","A2+TA2","ANANDAVEL K"
"BMEE309L","Lean Manufacturing","TH","GDN120","D2+TD2","SUNDARAMALI G"
"BMEE310L","Supply Chain Management","TH","GDN129","G1+TG1","JAYAKRISHNA K"
"BMEE313E","Non-destructive Testing","ELA","SS102B","L33+L34","ARULVEL S"
"BMEE313E","Non-destructive Testing","ELA","SS102B","L37+L38","ARULVEL S"
"BMEE313E","Non-destructive Testing","ETH","GDN123","D1+TD1","ARULVEL S"
"BMEE316E","Industrial Robotics","ELA","GDN152","L15+L16","KALAIARASSAN G"
"BMEE316E","Industrial Robotics","ELA","GDN152","L23+L24","KALAIARASSAN G"
"BMEE316E","Industrial Robotics","ETH","MB225","D2+TD2","KALAIARASSAN G"
"BMEE319E","Advanced Materials Characterization Methods","ETH","MB225","E2+TE2","AHANKARI SANDEEP SURESHRAO"
"BMEE319E","Advanced Materials Characterization Methods","ELA","GDNG14","L5+L6","AHANKARI SANDEEP SURESHRAO"
"BMEE319E","Advanced Materials Characterization Methods","ELA","GDNG14","L9+L10","AHANKARI SANDEEP SURESHRAO"
"BMEE320L","Refrigeration and Air-conditioning","TH","MB218","F1+TF1","SENTHIL KUMAR A"
"BMEE321L","Composite Materials","TH","MB227","E1+TE1","PADMANABHAN K"
"BMEE323L","Gas Dynamics","TH","GDN128","B1+TB1","THUNDIL KARUPPA RAJ R"
"BMEE324E","Turbomachines","ELA","GDN108B","L3+L4","PREMKARTIKKUMAR S R"
"BMEE324E","Turbomachines","ELA","GDN108B","L9+L10","PREMKARTIKKUMAR S R"
"BMEE324E","Turbomachines","ETH","GDN129","D2","PREMKARTIKKUMAR S R"
"BMEE325L","Internal Combustion Engines","TH","GDN120","D1+TD1","NANTHA GOPAL K"
"BMEE326L","Power Plant Engineering","TH","MB229","E2+TE2","ASOKAN M.A"
"BMEE403L","Design of Jigs, Fixtures and Press Tools","TH","GDN120","F1+TF1","PANDIVELAN C"
"BMEE404L","Design of Transmission Systems","TH","MB219","D1+TD1","BENEDICT THOMAS"
"BMEE405L","Industrial Automation","TH","MB226","E2+TE2","SENTHIL KUMAR S"
"BMEE406E","Advanced Manufacturing Processes","ELA","GDNG16","L31+L32","PANDIVELAN C"
"BMEE406E","Advanced Manufacturing Processes","ELA","GDNG16","L57+L58","PANDIVELAN C"
"BMEE406E","Advanced Manufacturing Processes","ETH","GDN122","D1+TD1","PANDIVELAN C"
"BMEE408E","Additive Manufacturing","ETH","GDN123","F2+TF2","SUYA PREM ANAND P"
"BMEE408E","Additive Manufacturing","ELA","GDNG02","L5+L6","SUYA PREM ANAND P"
"BMEE408E","Additive Manufacturing","ELA","GDNG02","L11+L12","SUYA PREM ANAND P"
"BMEE409E","Computational Fluid Dynamics","ELA","MB108","L33+L34","PADMANATHAN P"
"BMEE409E","Computational Fluid Dynamics","ELA","MB108","L39+L40","PADMANATHAN P"
"BMEE409E","Computational Fluid Dynamics","ETH","MB214","E1","PADMANATHAN P"
"BMEE410L","Industrial Revolution 4.0","TH","SJT823","A2+TA2","ANTHONY XAVIOR M"
"BMEE411L","Society 5.0","TH","GDN123","B2+TB2","JOSE S"
"BMEE413L","Design of Chassis Components","TH","GDN120","B2+TB2","BIBHUTI BHUSAN SAHOO"
"BMEE414L","Vehicle Body and Aerodynamics Engineering","TH","GDN120","F2+TF2","YAGNA S MUKKAMALA"
"BMEE415L","Electrical Machines, Drives and Power Systems","TH","MB229","E1+TE1","KRISHNA S"
"BMEE416L","Autonomous Vehicle Systems","TH","MB227","E2+TE2","BASKAR P"
"BMEE497J","Project - I","PJT","NIL","NIL","ACADEMICS"
"BHUM111L","Happiness and Well-being","TH","SJT607","A2+TA2","POONAM SHARMA"
"BHUM201L","Mass Communication","TH","SJT617","B2+TB2","RASHMI M"
"BHUM201L","Mass Communication","TH","GDN122","G1+TG1","PRABAKAR S"
"BHUM202L","Rural Development","TH","PRP238","B1+TB1","RASHMI M"
"BHUM203L","Introduction to Psychology","TH","SMV214","F1+TF1","BHUVANESWARI M"
"BHUM203L","Introduction to Psychology","TH","PRP519","G1+TG1","MOHD OWAIS KHAN"
"BHUM203L","Introduction to Psychology","TH","PRP330","B1+TB1","POONAM SHARMA"
"BHUM203L","Introduction to Psychology","TH","PRP604","D2+TD2","TANU KUKREJA"
"BHUM203L","Introduction to Psychology","TH","TT413","F2+TF2","NAVIN KUMAR"
"BHUM203L","Introduction to Psychology","TH","SJT607","E1+TE1","TANU KUKREJA"
"BHUM203L","Introduction to Psychology","TH","SJT617","D2+TD2","POONAM SHARMA"
"BHUM203L","Introduction to Psychology","TH","TT201","D2+TD2","TONY P JOSE"
"BHUM203L","Introduction to Psychology","TH","SMV218","D2+TD2","MOHD OWAIS KHAN"
"BHUM203L","Introduction to Psychology","TH","TT201","E2+TE2","BHUVANESWARI M"
"BHUM203L","Introduction to Psychology","TH","SJT710","F1+TF1","TONY P JOSE"
"BHUM204L","Industrial Psychology","TH","SJT626","A2+TA2","TANU KUKREJA"
"BHUM206L","International Economics","TH","GDN123","G1+TG1","SUMEETHA M"
"BHUM209L","Game Theory","TH","PRP250","B1+TB1","AQUIB PARVEZ"
"BHUM214L","Political Science","TH","MB225","F1+TF1","MULUGU S NEELOTPAL"
"BHUM215L","International Relations","TH","TT404","F1+TF1","BANGALORE MORARJI"
"BHUM216L","Indian Culture and Heritage","TH","SMV220","F2+TF2","BANGALORE MORARJI"
"BHUM217L","Contemporary India","TH","PRP329","F1+TF1","RIZWAN AHMAD"
"BHUM218L","Financial Management","TH","TT313","F1+TF1","NIRAKAR BARIK"
"BHUM218L","Financial Management","TH","SJT424","F2+TF2","SRIRAM G"
"BHUM225L","Personal Finance","TH","GDNG07","D2+TD2","ADIL AHMAD SHAH"
"BHUM225L","Personal Finance","TH","PRP622","D1+TD1","SRIRAM G"
"BHUM226L","Corporate Finance","TH","TT305","D2+TD2","FAISAL USMANI"
"BMEE355E","Cloud Computing","ETH","MB224","TG1","SOUMEN PAL"
"BMEE355E","Cloud Computing","ETH","MB226","TG1","RAJAMURUGAN G"
"BMEE355E","Cloud Computing","ETH","MB227","TG2","DEVENDRA KUMAR PATEL"
"BMEE355E","Cloud Computing","ETH","MB225","TG2","RENOLD ELSEN S"
"BMEE355E","Cloud Computing","ETH","GDN120","TG2","RAVITEJA BUDDALA"
"BMEE355E","Cloud Computing","ELA","MB111","L51+L52+L55+L56","BIKASH ROUTH"
"BMEE355E","Cloud Computing","ELA","MB111","L33+L34+L37+L38","SOUMEN PAL"
"BMEE355E","Cloud Computing","ETH","MB229","TG1","BIKASH ROUTH"
"BMEE355E","Cloud Computing","ELA","MB111","L39+L40+L43+L44","SREETHUL DAS"
"BMEE355E","Cloud Computing","ETH","MB225","TG1","SREETHUL DAS"
"BMEE355E","Cloud Computing","ELA","MB111","L5+L6+L9+L10","DEVENDRA KUMAR PATEL"
"BMEE355E","Cloud Computing","ELA","MB111","L19+L20+L29+L30","BIBHUTI BHUSAN SAHOO"
"BMEE355E","Cloud Computing","ETH","MB226","TG2","BIBHUTI BHUSAN SAHOO"
"BMEE355E","Cloud Computing","ELA","MB111","L31+L32+L57+L58","RENOLD ELSEN S"
"BMEE355E","Cloud Computing","ETH","MB227","TG1","RENOLD ELSEN S"
"BMEE355E","Cloud Computing","ELA","MB111","L23+L24+L27+L28","RENOLD ELSEN S"
"BMEE355E","Cloud Computing","ELA","MB111","L3+L4+L11+L12","RAVITEJA BUDDALA"
"BMEE355E","Cloud Computing","ELA","MB111","L45+L46+L49+L50","RAJAMURUGAN G"
"BMGT109L","Introduction to Intellectual Property","TH","TT305","F1+TF1","USHA S"
"BSTS301P","Advanced Competitive Coding - I","SS","SMV217","F1+TF1","ETHNUS (APT)"
"BSTS301P","Advanced Competitive Coding - I","SS","CDMM103","F1+TF1","ETHNUS (APT)"
"BSTS301P","Advanced Competitive Coding - I","SS","SMV217","F2+TF2","FACE (APT)"
"BSTS301P","Advanced Competitive Coding - I","SS","CDMM103","F2+TF2","FACE (APT)"
"BSTS301P","Advanced Competitive Coding - I","SS","SJT224","F1+TF1","FACE (APT)"
"BSTS301P","Advanced Competitive Coding - I","SS","SJT223","F2+TF2","FACE (APT)"
"BSTS301P","Advanced Competitive Coding - I","SS","SJT222","F2+TF2","ETHNUS (APT)"
"BSTS301P","Advanced Competitive Coding - I","SS","SMV101","F1+TF1","FACE (APT)"
"BSTS301P","Advanced Competitive Coding - I","SS","SJT222","F1+TF1","FACE (APT)"
"BSTS301P","Advanced Competitive Coding - I","SS","SJT223","F1+TF1","ETHNUS (APT)"
"BSTS301P","Advanced Competitive Coding - I","SS","SMV101","F2+TF2","ETHNUS (APT)"
"BSTS301P","Advanced Competitive Coding - I","SS","SJT224","F2+TF2","ETHNUS (APT)"
"BSTS301P","Advanced Competitive Coding - I","SS","TT104","F1+TF1","ETHNUS (APT)"
"BSTS301P","Advanced Competitive Coding - I","SS","TT104","F2+TF2","FACE (APT)"
"BSTS301P","Advanced Competitive Coding - I","SS","TT201","F1+TF1","FACE (APT)"
"BSTS301P","Advanced Competitive Coding - I","SS","TT524","F1+TF1","ETHNUS (APT)"
"BSTS301P","Advanced Competitive Coding - I","SS","TT524","F2+TF2","FACE (APT)"
"BSTS301P","Advanced Competitive Coding - I","SS","TT504","F1+TF1","ETHNUS (APT)"
"BSTS301P","Advanced Competitive Coding - I","SS","TT504","F2+TF2","FACE (APT)"
"BSTS301P","Advanced Competitive Coding - I","SS","TT523","F1+TF1","FACE (APT)"
"BSTS301P","Advanced Competitive Coding - I","SS","TT523","F2+TF2","ETHNUS (APT)"
"BSTS301P","Advanced Competitive Coding - I","SS","TT530","F1+TF1","FACE (APT)"
"BSTS301P","Advanced Competitive Coding - I","SS","TT530","F2+TF2","ETHNUS (APT)"
"BSTS301P","Advanced Competitive Coding - I","SS","MB212","F2+TF2","ETHNUS (APT)"
"BSTS301P","Advanced Competitive Coding - I","SS","MB211","F1+TF1","ETHNUS (APT)"
"BSTS301P","Advanced Competitive Coding - I","SS","MB211","F2+TF2","FACE (APT)"
"BSTS301P","Advanced Competitive Coding - I","SS","MB212","F1+TF1","FACE (APT)"
"BSTS301P","Advanced Competitive Coding - I","SS","MB213","F1+TF1","ETHNUS (APT)"
"BSTS301P","Advanced Competitive Coding - I","SS","MB213","F2+TF2","FACE (APT)"
"BSTS301P","Advanced Competitive Coding - I","SS","MB214","F1+TF1","FACE (APT)"
"BSTS301P","Advanced Competitive Coding - I","SS","MB214","F2+TF2","ETHNUS (APT)"
"BCHY102N","Environmental Sciences","OC","NIL","NIL","VIJAYAKUMAR V"
"BCHY102N","Environmental Sciences","OC","NIL","NIL","PUNDLIK RAMBHAU BHAGAT"
"BCHY102N","Environmental Sciences","OC","NIL","NIL","SENTHILKUMAR S"
"BCHY102N","Environmental Sciences","OC","NIL","NIL","PALANISAMI N"
"BCHY102N","Environmental Sciences","OC","NIL","NIL","THENMOZHI K"
"BCHY102N","Environmental Sciences","OC","NIL","NIL","SATISH KUMAR G"
"BCHY102N","Environmental Sciences","OC","NIL","NIL","LOGESH MATHIVATHANAN"
"BCHY102N","Environmental Sciences","OC","NIL","NIL","SARVESWARI S"
"BCHY102N","Environmental Sciences","OC","NIL","NIL","SASIKUMAR S"
"BCHY102N","Environmental Sciences","OC","NIL","NIL","ASHARANI I.V"
"BCHY102N","Environmental Sciences","OC","NIL","NIL","ARUNPRASAD M"
"BCHY102N","Environmental Sciences","OC","NIL","NIL","SRINIVASAN LATHA"
"BSSC102N","Indian Constitution","OC","NIL","NIL","SALMAN HAIDER"
"BSSC102N","Indian Constitution","OC","NIL","NIL","SHAHID HAMID RAINA"
"BSSC102N","Indian Constitution","OC","NIL","NIL","MULUGU S NEELOTPAL"
"BSSC102N","Indian Constitution","OC","NIL","NIL","RAMNATH REGHUNADHAN"
"BSSC102N","Indian Constitution","OC","NIL","NIL","RUPAK KUMAR"
"BSSC102N","Indian Constitution","OC","NIL","NIL","AQUIB PARVEZ"
"BSSC102N","Indian Constitution","OC","NIL","NIL","RIZWAN AHMAD"
"BSSC102N","Indian Constitution","OC","NIL","NIL","ADIL AHMAD SHAH"
